Neighborhooods - Analysis Boundaries,count
Tenderloin,34734
Mission,30558
Financial District/South Beach,27698
South of Market,26581
Bayview Hunters Point,20085
Sunset/Parkside,13930
Western Addition,12709
Nob Hill,12157
Hayes Valley,9528
Outer Richmond,9506
Pacific Heights,9335
Castro/Upper Market,9195
West of Twin Peaks,9014
Marina,8476
Chinatown,7325
Bernal Heights,7005
Russian Hill,6981
North Beach,6424
Mission Bay,6404
Inner Sunset,6151
Lakeshore,5856
Haight Ashbury,5754
Potrero Hill,5666
Excelsior,5373
Noe Valley,5177
Lone Mountain/USF,5026
Outer Mission,4952
Inner Richmond,4524
Oceanview/Merced/Ingleside,4489
Presidio Heights,3730
Portola,3441
Golden Gate Park,3435
Visitacion Valley,3423
Japantown,2938
Glen Park,2063
Twin Peaks,1995
Seacliff,872
Presidio,524
McLaren Park,319
Lincoln Park,261
