Neighborhooods - Analysis Boundaries,count
Tenderloin,120624
South of Market,81772
Mission,69570
Financial District/South Beach,46799
Bayview Hunters Point,38138
Sunset/Parkside,26407
Western Addition,25523
Nob Hill,22482
Hayes Valley,17251
Castro/Upper Market,17205
Outer Richmond,16103
West of Twin Peaks,15760
Excelsior,15349
Chinatown,12623
Bernal Heights,12093
North Beach,11900
Marina,11432
Outer Mission,10824
Pacific Heights,10606
Mission Bay,9629
Visitacion Valley,9473
Russian Hill,9416
Oceanview/Merced/Ingleside,9373
Haight Ashbury,9076
Lone Mountain/USF,8978
Inner Sunset,8736
Lakeshore,8407
Japantown,8150
Portola,7175
Inner Richmond,6975
Noe Valley,6065
Potrero Hill,6038
Golden Gate Park,5198
Presidio Heights,4787
Glen Park,3364
Twin Peaks,2276
Seacliff,824
Presidio,508
McLaren Park,420
Lincoln Park,277
Treasure Island,1
