neighborhood,avg_response_time
Outer Mission,6.464458250115133
Golden Gate Park,5.890014396666181
RESCUE CAPTAIN,5.94369919105691
Treasure Island,19.221428571428568
Presidio Heights,5.851492729102302
McLaren Park,7.506965850105774
Lincoln Park,7.73888668351911
MEDIC,7.65335073994778
CP,10.965789421052632
West of Twin Peaks,6.4556499935705665
Excelsior,6.698876614870878
Lone Mountain/USF,5.576277174436972
TRUCK,6.3077614068627454
RESCUE SQUAD,5.2828829189189195
Financial District/South Beach,6.3482403234033145
Western Addition,5.24942617599769
Mission Bay,6.541364839481116
Marina,6.083860289152328
Mission,5.148404830166512
Pacific Heights,5.620543209412994
SUPPORT,6.9317401691176475
BLS,4.5850002
Inner Sunset,5.792423291637923
Glen Park,6.756624849017535
Noe Valley,5.79450597109183
Chinatown,6.037563798805509
Japantown,5.624630726812114
PRIVATE,7.762393134122287
Bayview Hunters Point,6.824326857195481
Twin Peaks,6.582389252353206
South of Market,5.741765114249916
Bernal Heights,6.2472619562159215
Haight Ashbury,5.354137715366471
Outer Richmond,6.521311426828765
ENGINE,6.478508326000002
Seacliff,6.428569559319388
Nob Hill,5.0424289425206235
Tenderloin,5.184692005949691
Sunset/Parkside,6.888481180943229
Visitacion Valley,7.937306834588332
Hayes Valley,5.31337594675797
Oceanview/Merced/Ingleside,6.480020820116863
Potrero Hill,6.343849349934425
Portola,6.557177692559839
Russian Hill,5.88392055256913
Lakeshore,8.064365459592405
North Beach,6.749136983216547
Inner Richmond,5.722486928628345
Castro/Upper Market,5.2577592050160264
Presidio,8.584421416812228
CHIEF,7.003240763888888
